Isabela Macieira,222.***.384-83,macieira@fakemail.io
César Datena,429.***.155-96,datena@fakemail.io
Emanuel Grotas,002.***.281-28,grotas@fakemail.io
Dr. Silas do Prado,246.***.062-72,prado@fakemail.io
Samuel da Maia,287.***.797-15,maia@fakemail.io
Maya Brites,307.***.887-93,brites@fakemail.io
Sr. Júlio Esteves,400.***.410-03,esteves@fakemail.io
Davi Luiz Lima,252.***.852-47,lima@fakemail.io
Gustavo Madeira Filho,388.***.744-40,filho@fakemail.io
Davi Luiz de Borba Neto,813.***.570-98,neto@fakemail.io
